displayName,description,subgraphID,signal,codeRepository,image,website
Uniswap V2,historical data and analytics for Uniswap V2,QmWTrJJ9W8h3JE19FhCzzPYsJ2tgXZCdUqnbyuo64ToTBN,22149244,https://github.com/uniswap/uniswap-v2-subgraph,https://storage.googleapis.com/subgraph-images/1591820950702256x256_App_Icon_Gradient.png,
Ethereum Blocks,Indexing all Ethereum Block data,QmNtTKStPBm3bnghvyKLNY5B8etER8CG9ei9m7APT1kdx6,22149244,https://github.com/blocklytics/ethereum-blocks,https://storage.googleapis.com/subgraph-images/1579070275738ethereum_logo_square.png,
LINKUSD,Subgraph for LINKUSD,Qmbpwh32waJ21xgYLBw9ZV9v5ikehANXqQTaxErii7ypbT,41529833,,https://storage.googleapis.com/subgraph-images/default/sg-3.png,
Synthetix Rates,Rate updates from Synthetix,QmPYVDfyyQ72dwr4HPG8JC1SZGvLhewMTqfDwByH6M1dPa,27686555,,https://storage.googleapis.com/subgraph-images/1569418199094Pasted_Image_9_25_19__9_29_AM.jpg,
SakeSwap Subgraph V2,Analytics for SakeSwap,QmcAGrSedyweWQhKCbdMUxbX2ddMiSJwWRRc3NcDtoXnDE,11074622,https://github.com/therealsakeswap/sakeswap-subgraph-univ2,https://storage.googleapis.com/subgraph-images/default/sg-8.png,
Balancer,Generalized AMM and portfolio manager,QmbS7vmAWXJqsJEnAbvNSBYQXxCUmZWHFQygHPbyb3vy3N,41529833,,https://storage.googleapis.com/subgraph-images/1582850720988pebbles-padcircle-white.256w.png,
Gringotts,Gringotts Wizarding Bank,QmPmPrNHGkWZLMuXiNf59odjxSAwMBciMNNenf9MSqyBfy,3599252,,https://storage.googleapis.com/subgraph-images/1601451095309gringotts.jpg,
SushiSwap Subgraph Fork,A fork of Uniswap subgraph to test things out,QmPSzSpAHozDWgqsa9FMKk2qd1xrhEZJfhGxskgz4b8HoQ,276865,,https://storage.googleapis.com/subgraph-images/default/sg-3.png,
Token Sets,Crypto management made easy,QmZ6noN8Ek4dPpyvmSv4AdAtefVWtUsopBc8hFKFiWo1Uw,6921638,https://github.com/Destiner/TokenSets-subgraph,https://storage.googleapis.com/subgraph-images/1569163566860TokenSets.png,
Mstable,Stable coin protocol,QmWNP1jqMZm61G8FbsLzi9Mnii5qRXbkadBxXVHZPqzKri,16611933,,,
Mintbase,All stores and those stores tokens,QmW5UcMhXwXrMqRpTdT3MKB7HYDxbsp5oe9Atkuh4sgAA5,6921638,https://github.com/Mintbase/graph-mint-factory,https://storage.googleapis.com/subgraph-images/1573754371189logo-solo-white.png,
Bancor V2,Bancor v2,QmbykNCTDoRx5NMgJgoXY7YARoV3xTRNfs4cWifsc3fm7u,276865,,https://storage.googleapis.com/subgraph-images/default/sg-1.png,
Uniswap V2,Uniswap V2 - lutter,QmXKwSEMirgWVn41nRzkT3hpUBw29cp619Gx58XW6mPhZP,2768655,,,
Livepeer,A protocol for affordable and reliable video encoding.,QmaEsTQhqGfZMjHYpNxmcxU3pD4GbAU6u5F8AqePeQumYv,4152983,https://github.com/livepeer/livepeerjs/tree/master/packages/subgraph,https://storage.googleapis.com/subgraph-images/1565207456060livepeer.png,
NIFTEX Uniswap Graph,NIFTEX Uniswap Pools Data,QmdoMvZbk2YDyDVQjhS73RfqymffMxz4EW1uS9RhEEfqog,2768655,,https://storage.googleapis.com/subgraph-images/default/sg-5.png,
RenVM,RenVM graph explorer,QmP595e8r4VRPcKG5bfHUSN4ybbYnZkjgYkSHjfDw5YshY,2768655,https://github.com/renproject/renvm-subgraph,https://storage.googleapis.com/subgraph-images/1590115100825icon-white.png,
Miniswap,MiniSwap provides a decentralised platform.,QmZ4fvpTgWCL3oQbf7uzy9bszotLTxv6pGbYfGk7VopTst,2768655,,https://storage.googleapis.com/subgraph-images/1601020924950MIniswap600.png,
Flamingo NFT,Flamingo NFT (mainnet),Qma3LJSzh4q5RGS5inHMLiGCBVTQ16PnGeRJscCDcQsWkH,2768655,,https://storage.googleapis.com/subgraph-images/default/sg-7.png,
Uniswap,Uniswap is a decentralized protocol for automated token exchange on Ethereum.,QmRuorV4Ck1sVdpfpAAwfYXnf3cfSkbDwZvvzWud9SH8Dg,1384327,,https://storage.googleapis.com/subgraph-images/1548114951622uniswap.png,
Try Second Graph,mooniswap 2,QmQgmUrUKBkQfsKdNNnfcUpUxRvyrX27W4knuhn4q6GfpH,1384327,,https://storage.googleapis.com/subgraph-images/default/sg-2.png,
Oneinchswapped3,Stats,QmcYkKNVBW67p9UWFMEcETWjgKqjnJ1nupPmJQoaLPW7CU,1384327,,https://storage.googleapis.com/subgraph-images/default/sg-10.png,
Cream Swap V2,"Crypto Rules Everything Around Me C.R.E.A.M.",QmcPSRpF28QSWpgAgNPFVyiGYd75L5aSrKGLXhmaFW5bSK,1384327,,https://storage.googleapis.com/subgraph-images/1602679008376CREAM_transparent_Secondary_straight_color.png,
Easy Staking,EasyStaking,QmfVC5EMxkkyh6tLt94o8Kh239WVNppDP6jLJncviCSK4k,1384327,,https://storage.googleapis.com/subgraph-images/default/sg-4.png,
Try Graph,test,Qmd3yXPzi3cRBW8assGLHDi65s6EZagparh55fZ2FGP7Tf,1384327,,https://storage.googleapis.com/subgraph-images/default/sg-8.png,
Sablier,Mainnet subgraph,QmamoWRdcCzkgYDXLFzxdoejzCJMvJYfdNwQorWU4B4Rtg,1938058,,https://storage.googleapis.com/subgraph-images/1573584068471icon_spaced_gradient_2.png,
Keeper Pool Mainnet,Keeper Pool Related Data in Mainnet Network,QmX28DCsTkd9TWLssR1YRwBr6weQ61t5VTnHimff1zZMCT,1107462,,https://storage.googleapis.com/subgraph-images/default/sg-5.png,
Prod,2nd Layer Protocol Embedding Smart Contracts into HTTP Links,QmQhuSbS2J5DzbHVFNLKYqFJDS9hhLxyWys6uGZDamhPeD,1661193,https://github.com/2key/2key-subgraphs,https://storage.googleapis.com/subgraph-images/15644936648972key-white-bg.gif,
exchange,exchange,QmWpFQJWVBkzTfabZL5DxnAvdhjP5FjbBW87jP2XcjyuUb,1107462,,https://storage.googleapis.com/subgraph-images/default/sg-3.png,
Pooltogether,Records data for PoolTogether,QmecFPxMeFeHETwJdrivTNecBTCko5nyRGgidRrVp4BSfc,1107462,https://github.com/pooltogether/pooltogether-subgraph,https://storage.googleapis.com/subgraph-images/1599758845172pooltogether-purple-mark@2x.png,
SushiSwap,Swap data from sushiswap,QmUmgYJL3yp7EiSgxQ3zVxmDMJn3ZXDnYZWija4BWciEvu,830596,,https://storage.googleapis.com/subgraph-images/default/sg-7.png,
Aave Protocol,Aave's Protocol subgraph(legacy),QmU3qzWocSGuywhLonGiYmv22XS5sHatfEBp3vrJrRGdD6,830596,https://github.com/aave/aave-protocol/tree/master/thegraph,https://storage.googleapis.com/subgraph-images/1578403270665sticker_aave_telegram.png,
KeeperDAO Staging,KeeperDAO staging environment,QmTnwP1Bs61Bpb2GNBjYBFmVreZzDx3xDowQGGC63WxsWF,830596,,https://storage.googleapis.com/subgraph-images/default/sg-5.png,
Balancer Beta,Balancer,QmXPQBpRJ8Vjut71DyYWst8VkCbhdKCAJ9f4q3BWboXd87,553731,,https://storage.googleapis.com/subgraph-images/default/sg-1.png,
KeeperDAO,KeeperDAO,QmW6BrjSMPUSjMApTNYZShHi9XShgziC5YppGvqyjjAAX1,553731,,https://storage.googleapis.com/subgraph-images/default/sg-2.png,
Aave Protocol Raw,Aave protocol data in small units,QmNQz8mhUnkAcfDDEuKZaVdBwffZtYfoUtbQ9NYpaSS1QH,692163,https://github.com/aave/aave-protocol/tree/master/thegraph,https://storage.googleapis.com/subgraph-images/1579854627676sticker_aave_telegram.png,
NexusMutualTVL,tvl for nexus mutual,QmSErYUZkNj4jy7vVYAZikPdXnbjWS3kW1GWZ9Ff29bKSU,553731,,https://storage.googleapis.com/subgraph-images/default/sg-2.png,
Uniswap,Subgraph to organize Uniswap transaction data,QmQ2Hm4EqUycftdZqmMftgghZ8DpsbUh3T6FHkEvBMp1Yr,553731,https://github.com/graphprotocol/uniswap-subgraph,https://storage.googleapis.com/subgraph-images/1548114951622uniswap.png,
Curve VotingEscrow Mainnet,Curve VotingEscrow Mainnet subgraph,QmXwR6LiGaP9yYTsSq8wGUS91Bqat7dStDsuH2XSoeKctY,276865,,https://storage.googleapis.com/subgraph-images/default/sg-9.png,
Nifty Ink Main,Mainnet Nifty Ink Subgraph,Qma7vTnYU9V5FuZhAgwo9zw289KAD8mh4JKMMtMZP8nSVT,553731,,https://storage.googleapis.com/subgraph-images/default/sg-7.png,
Aave protocol multi-raw,Aave raw subgraph,QmU2AuSzxAWQfZ8dxvAbyZ9kGf87DPinxeJRHPY4JTvbTf,276865,,,
Chapter3,Miniswap mainnet channel,QmYPh4BHfJRszYBP7tnPFPHpKf2DdyHAtgRbE8PAnU1fZN,276865,https://github.com/???,https://storage.googleapis.com/subgraph-images/1601393873317zz.jpg,
Curve,Trades and liquidity details for Curve.fi DeFi platform,QmVaFg6W4vofpNSsMNVx1SNDn4n8bQm9ou95JH6FDiKqQ1,553731,,https://storage.googleapis.com/subgraph-images/default/sg-4.png,
Protocol Multy Raw,Aave protocol subgraph with all pools data,QmS8ZBEgXisX7yEm8daSQmmVkwQ6wH6WU1B4nBkYKrjHo2,276865,https://github.com/graphprotocol/aave-protocol,https://storage.googleapis.com/subgraph-images/1590485690460sticker_aave_telegram.png,
Gnosis protocol,Gnosis Protocol,QmQrapV3GN6GnkMByUbf6Xrw1xVqSNAbQtNkXsy6xKAs15,276865,https://github.com/gnosis/dex-subgraph,https://storage.googleapis.com/subgraph-images/1585926751418Gnosis_protocol_2019_logo_all_rgb_orange.png,
Mooniswap,stat for mooniswap,QmUBFkuoDzxHx2EPxwGQdBwshqTF79fzKQnXjTRNVHwg6e,138432,,https://storage.googleapis.com/subgraph-images/default/sg-4.png,
Marketplace,Decentraland's Marketplace,QmXdZDKnDX2o9qfupGDTXFM1xxspndHrHAGpbkWAPMs6Qk,138432,https://github.com/decentraland/marketplace,https://storage.googleapis.com/subgraph-images/1578327676983color.png,
Swap Subgraph,Swap Subgraph for Crypto.com DeFi,QmXhAzDVyYnxSLaeLGDpN941WJ3tyatqhyxh9ScwM82cgJ,138432,,https://storage.googleapis.com/subgraph-images/default/sg-6.png,
Known Origin,KnownOrigin artwork listings,QmTFeK8XKtA6hm2nZ8ectqyqTmx1ga8qiMpxQyyxfBrduv,130126,https://github.com/knownorigin/known-origin-subgraph,https://storage.googleapis.com/subgraph-images/1575098880182440px_LogoIcn.png,
Known Origin 2,Known Origin 2,QmXQdKGK1GFioQBuEPGSbugJkdfh35owJpiujgAZA1yXeg,55373,,,
Balancer Beta,Balancer beta,QmSvK3A8LU4p87sxskbsScovTKVUNt873ZgGMXWG1aMJaZ,41529,,,
Cream Swap Beta,"Crypto Rules Everything Around Me C.R.E.A.M.",QmREAAZS5ZB5nAABCutPRVBGVgaVHz21e1miwWXnpGZm51,27686,https://github.com/CreamFi/balancer-subgraph,https://storage.googleapis.com/subgraph-images/1599400535254CREAM_transparent_Secondary_straight_color.png,
mStable Governance,mStable Governance Subgraph,QmdXYzFaj3nqURSpx7jWvkiYnzVaMobTnQfXzPYYjnYLqv,27686,,https://storage.googleapis.com/subgraph-images/1599839414747mta.png,
Synthetix Exchanges,A subgraph on all exchanges in Synthetix,QmX9CNPbbYoFGvucHzNJkjTAMGKNWzUSFveWmgdoB6WVJm,27686,https://github.com/Synthetixio/synthetix-subgraph,https://storage.googleapis.com/subgraph-images/1569869352912Slack___jordan___Synthetix.jpg,
Uniswap V2,Piouls uniswap,Qmb6iDb7A8DHox3cLThFXkBbzKfBx8BbLjZwQTzspLWXG1,27686,,,
v39_8,arc index mainnet,QmWex7boz79MGkYmcLbjDg4N13kLsLQAtTfLyjcz6RgJ9i,13843,,https://storage.googleapis.com/subgraph-images/default/sg-4.png,
Yearn Vault ROI Dev,Development subgraph for yearn vault ROI,Qmdab4gjWa1yCACgAAcWjab2c16oqmPo6j5WtZjZ21UxcZ,13843,,https://storage.googleapis.com/subgraph-images/default/sg-5.png,
Compound V2,"A protocol for algorithmic efficient Money Markets.",QmTN6gMCBCYTgbis33eSvr6sLsQoQ3R6a2KzR7CqmMABQP,13843,,https://storage.googleapis.com/subgraph-images/1573145149921compound.png,
Opyn,Opyn Mainnet Subgraph,QmNVmy3hA6JVqZfMGoQc68GsB9GzGiEVLjhR1pHLY2xwuS,8305,https://https://github.com/aparnakr/OpynGraph,,
Uniswap,Uniswap data importer for Unspent.io,QmRpG1kMLJxnruvCScfs4JYPeHJEnJk1ZsEdhpfqaGPUHs,8305,,https://storage.googleapis.com/subgraph-images/default/sg-6.png,
ENS,"A secure & decentralized way to address resources on and off the blockchain using simple human-readable names. Access domains and transfer history.",QmY8Uzg61ttrogeTyCKLcDDR4gKNK44g9qkGDqeProkSHE,5537,,https://storage.googleapis.com/subgraph-images/1548795052635ENS_Logo_WHITE.png,
UMA,UMA Subgraph,QmVviUCWpxxZuwekyHe87vspJsaugG1KDkfqEwjm3788ku,5537,https://github.com/protofire/uma-subgraph,https://storage.googleapis.com/subgraph-images/1601561900375DsMClZnT_400x400.jpg,
AirSwap,"Trading history indexers delegates and more.",QmZ28XHpz1BNhR5jU2ABCqo2PqHutAPE8woaW1tYdDFDqV,2768,https://github.com/airswap/airswap-protocols,https://storage.googleapis.com/subgraph-images/158680119781426823563.png,
Aavegotchi Aragon,Aavegotchi Bonding Curve,QmY6Si48nCutHkofaXDL1mJd4XUxs2SCPeo4G6CT661z4P,2768,,https://storage.googleapis.com/subgraph-images/default/sg-7.png,
Unlock,Unlock on mainnet,QmR2uzq3Tt3htYTmefFwJ6eX2aYySY6ZRZkW9LZG39Byrh,1384,https://github.com/unlock-protocol/unlock-subgraph,https://storage.googleapis.com/subgraph-images/1569531464009unlock.png,
Tellor Dispute V2,tellor dispute center v2,QmfCaCcQnfBWXgCpbtf9kKWosVqUbeGLfEomYVJkMBqKj9,1384,,https://storage.googleapis.com/subgraph-images/default/sg-5.png,